URL,Filename,UploadYear
"https://shastryassociates.com/wp-content/uploads/2023/01/justwow_smart_city_wifi_network_1920px_with_no_leackage_feature_0fb9874c-d010-40e8-9318-9ef1b7297278.png","justwow_smart_city_wifi_network_1920px_with_no_leackage_feature_0fb9874c-d010-40e8-9318-9ef1b7297278.png",2023
"https://shastryassociates.com/wp-content/uploads/2023/01/radwan4489_wifi_connected_smart_city_with_walking_people_on_str_82396c5e-e043-4e95-9313-716e0b39242c.png","radwan4489_wifi_connected_smart_city_with_walking_people_on_str_82396c5e-e043-4e95-9313-716e0b39242c.png",2023
"https://shastryassociates.com/wp-content/uploads/2023/04/antennasslide.png","antennasslide.png",2023
"https://shastryassociates.com/wp-content/uploads/2023/04/biomed.png","biomed.png",2023
"https://shastryassociates.com/wp-content/uploads/2023/04/Circuitdesignslide.png","Circuitdesignslide.png",2023
"https://shastryassociates.com/wp-content/uploads/2023/04/descriptionslide.png","descriptionslide.png",2023
"https://shastryassociates.com/wp-content/uploads/2023/04/electromagneticsslide.png","electromagneticsslide.png",2023
"https://shastryassociates.com/wp-content/uploads/2023/04/homepage.png","homepage.png",2023
"https://shastryassociates.com/wp-content/uploads/2023/04/MMICSslide.png","MMICSslide.png",2023
"https://shastryassociates.com/wp-content/uploads/2023/04/mottoslide.png","mottoslide.png",2023
"https://shastryassociates.com/wp-content/uploads/2023/04/SAGE_BANNER-e1682586813885.png","SAGE_BANNER-e1682586813885.png",2023
"https://shastryassociates.com/wp-content/uploads/2023/04/satteliteslide.png","satteliteslide.png",2023
"https://shastryassociates.com/wp-content/uploads/2023/04/signalsslide.png","signalsslide.png",2023
"https://shastryassociates.com/wp-content/uploads/2023/04/terrestrialwireless_slide.png","terrestrialwireless_slide.png",2023
"https://shastryassociates.com/wp-content/uploads/2023/04/WebGraphicsInstructions-4-20-2023.pptx","WebGraphicsInstructions-4-20-2023.pptx",2023
"https://shastryassociates.com/wp-content/uploads/2023/04/webspeakerslide.png","webspeakerslide.png",2023
"https://shastryassociates.com/wp-content/uploads/2023/04/webspeakerslide2.png","webspeakerslide2.png",2023
"https://shastryassociates.com/wp-content/uploads/2023/04/welcomeslide.png","welcomeslide.png",2023
"https://shastryassociates.com/wp-content/uploads/2023/04/wirelessdevices_slide.png","wirelessdevices_slide.png",2023
"https://shastryassociates.com/wp-content/uploads/2023/05/descriptionslide.png","descriptionslide.png",2023
"https://shastryassociates.com/wp-content/uploads/2023/05/antennasslide.png","antennasslide.png",2023
"https://shastryassociates.com/wp-content/uploads/2023/05/biomed.png","biomed.png",2023
"https://shastryassociates.com/wp-content/uploads/2023/05/Circuitdesignslide.png","Circuitdesignslide.png",2023
"https://shastryassociates.com/wp-content/uploads/2023/05/electromagneticsslide.png","electromagneticsslide.png",2023
"https://shastryassociates.com/wp-content/uploads/2023/05/MMICSslide.png","MMICSslide.png",2023
"https://shastryassociates.com/wp-content/uploads/2023/05/satteliteslide.png","satteliteslide.png",2023
"https://shastryassociates.com/wp-content/uploads/2023/05/signalsslide.png","signalsslide.png",2023
"https://shastryassociates.com/wp-content/uploads/2023/05/terrestrialwireless_slide.png","terrestrialwireless_slide.png",2023
"https://shastryassociates.com/wp-content/uploads/2023/08/Courses.png","Courses.png",2023
"https://shastryassociates.com/wp-content/uploads/2023/08/Tutorials.png","Tutorials.png",2023
"https://shastryassociates.com/wp-content/uploads/2023/08/Training.png","Training.png",2023
"https://shastryassociates.com/wp-content/uploads/2023/08/Workshops.png","Workshops.png",2023
"https://shastryassociates.com/wp-content/uploads/2023/08/Consulting.png","Consulting.png",2023
"https://shastryassociates.com/wp-content/uploads/2023/08/News.png","News.png",2023
"https://shastryassociates.com/wp-content/uploads/2023/08/Upcoming-Events.png","Upcoming-Events.png",2023
"https://shastryassociates.com/wp-content/uploads/2023/08/Consulting-1.png","Consulting-1.png",2023
"https://shastryassociates.com/wp-content/uploads/2023/08/Sansation-Bold-webfont.woff","Sansation-Bold-webfont.woff",2023
"https://shastryassociates.com/wp-content/uploads/2023/08/Sansation-Regular-webfont.woff","Sansation-Regular-webfont.woff",2023
"https://shastryassociates.com/wp-content/uploads/2023/08/DrKori_Bio-e1707882632899.png","DrKori_Bio-e1707882632899.png",2023
"https://shastryassociates.com/wp-content/uploads/2023/08/Balamurugan_Bio.png","Balamurugan_Bio.png",2023
"https://shastryassociates.com/wp-content/uploads/2023/08/DrSanjar_Bio.png","DrSanjar_Bio.png",2023
"https://shastryassociates.com/wp-content/uploads/2023/08/Aparna_Bio.png","Aparna_Bio.png",2023
"https://shastryassociates.com/wp-content/uploads/2023/08/Krisha_Bio.png","Krisha_Bio.png",2023
"https://shastryassociates.com/wp-content/uploads/2023/08/Gayethri_Bio.png","Gayethri_Bio.png",2023
"https://shastryassociates.com/wp-content/uploads/2023/08/Neelakantan_Bio.png","Neelakantan_Bio.png",2023
"https://shastryassociates.com/wp-content/uploads/2023/08/Murali_Bio.png","Murali_Bio.png",2023
"https://shastryassociates.com/wp-content/uploads/2023/08/Prasad_Bio-e1707880825204.png","Prasad_Bio-e1707880825204.png",2023
"https://shastryassociates.com/wp-content/uploads/2023/08/Sasidar_Bio.png","Sasidar_Bio.png",2023
"https://shastryassociates.com/wp-content/uploads/2023/08/Scarlet_Bio.png","Scarlet_Bio.png",2023
"https://shastryassociates.com/wp-content/uploads/2023/08/Rosaline_bio.png","Rosaline_bio.png",2023
"https://shastryassociates.com/wp-content/uploads/2023/08/Shri_Bio.png","Shri_Bio.png",2023
"https://shastryassociates.com/wp-content/uploads/2023/08/Swetha_Bio.png","Swetha_Bio.png",2023
"https://shastryassociates.com/wp-content/uploads/2023/08/Tripathy_Bio.png","Tripathy_Bio.png",2023
"https://shastryassociates.com/wp-content/uploads/2023/11/image.svg","image.svg",2023
"https://shastryassociates.com/wp-content/uploads/2023/11/SAGE_BANNER-e1682586813885mobile-e1699354851764.png","SAGE_BANNER-e1682586813885mobile-e1699354851764.png",2023
"https://shastryassociates.com/wp-content/uploads/2023/12/SAGE_BANNER-e1682586813885-split.png","SAGE_BANNER-e1682586813885-split.png",2023
"https://shastryassociates.com/wp-content/uploads/2023/12/SAGE_BANNER-e1682586813885-split-1.png","SAGE_BANNER-e1682586813885-split-1.png",2023
"https://shastryassociates.com/wp-content/uploads/2023/12/Shastryhexagon.png","Shastryhexagon.png",2023
"https://shastryassociates.com/wp-content/uploads/2023/12/Shape-1-e1703495500516.png","Shape-1-e1703495500516.png",2023
"https://shastryassociates.com/wp-content/uploads/2023/12/Shape-1-e1703495500516-1.png","Shape-1-e1703495500516-1.png",2023
"https://shastryassociates.com/wp-content/uploads/2023/12/crop-image.png","crop-image.png",2023
"https://shastryassociates.com/wp-content/uploads/layerslider/projects/Home-Slider/Circuitdesignslide.png","Circuitdesignslide.png",2023
"https://shastryassociates.com/wp-content/uploads/layerslider/projects/Home-Slider/MMICSslide.png","MMICSslide.png",2023
"https://shastryassociates.com/wp-content/uploads/layerslider/projects/Home-Slider/antennasslide.png","antennasslide.png",2023
"https://shastryassociates.com/wp-content/uploads/layerslider/projects/Home-Slider/biomed.png","biomed.png",2023
"https://shastryassociates.com/wp-content/uploads/layerslider/projects/Home-Slider/descriptionslide.png","descriptionslide.png",2023
"https://shastryassociates.com/wp-content/uploads/layerslider/projects/Home-Slider/electromagneticsslide.png","electromagneticsslide.png",2023
"https://shastryassociates.com/wp-content/uploads/layerslider/projects/Home-Slider/mottoslide.png","mottoslide.png",2023
"https://shastryassociates.com/wp-content/uploads/layerslider/projects/Home-Slider/satteliteslide.png","satteliteslide.png",2023
"https://shastryassociates.com/wp-content/uploads/layerslider/projects/Home-Slider/signalsslide.png","signalsslide.png",2023
"https://shastryassociates.com/wp-content/uploads/layerslider/projects/Home-Slider/terrestrialwireless_slide.png","terrestrialwireless_slide.png",2023
"https://shastryassociates.com/wp-content/uploads/layerslider/projects/Home-Slider/webspeakerslide.png","webspeakerslide.png",2023
"https://shastryassociates.com/wp-content/uploads/layerslider/projects/Home-Slider/webspeakerslide2.png","webspeakerslide2.png",2023
"https://shastryassociates.com/wp-content/uploads/layerslider/projects/Home-Slider/welcomeslide.png","welcomeslide.png",2023
"https://shastryassociates.com/wp-content/uploads/layerslider/projects/Home-Slider/wirelessdevices_slide.png","wirelessdevices_slide.png",2023
"https://shastryassociates.com/wp-content/uploads/2023/12/Sansation-Regular-webfont.woff","Sansation-Regular-webfont.woff",2023
"https://shastryassociates.com/wp-content/uploads/2023/12/Sansation-Bold-webfont.woff","Sansation-Bold-webfont.woff",2023
"https://shastryassociates.com/wp-content/uploads/2023/12/cropped-Shastryhexagon.png","cropped-Shastryhexagon.png",2024
"https://shastryassociates.com/wp-content/uploads/2024/04/final-image.png","final-image.png",2024
"https://shastryassociates.com/wp-content/uploads/2024/04/ShastryhexagonOrange.png","ShastryhexagonOrange.png",2024
"https://shastryassociates.com/wp-content/uploads/2022/07/business6-wrap-bg1.webp","business6-wrap-bg1.webp",2022
"https://shastryassociates.com/wp-content/uploads/2022/03/language4-flag1.svg","language4-flag1.svg",2022
"https://shastryassociates.com/wp-content/uploads/2022/03/language4-flag2.svg","language4-flag2.svg",2022
"https://shastryassociates.com/wp-content/uploads/2022/09/dummy-logo.png","dummy-logo.png",2022
"https://shastryassociates.com/wp-content/uploads/2022/07/business6-blog12.webp","business6-blog12.webp",2022
"https://shastryassociates.com/wp-content/uploads/2024/04/blank-profile-picture-973460_640.png","blank-profile-picture-973460_640.png",2024
"https://shastryassociates.com/wp-content/uploads/2024/04/scarlet.png","scarlet.png",2024
"https://shastryassociates.com/wp-content/uploads/2024/04/aparna.png","aparna.png",2024
"https://shastryassociates.com/wp-content/uploads/2024/04/mahadevan.png","mahadevan.png",2024
"https://shastryassociates.com/wp-content/uploads/2024/04/sundaram.png","sundaram.png",2024
"https://shastryassociates.com/wp-content/uploads/2024/04/Krisha_Bio.png","Krisha_Bio.png",2024
"https://shastryassociates.com/wp-content/uploads/2024/04/sasidar.png","sasidar.png",2024
"https://shastryassociates.com/wp-content/uploads/2024/04/rosaline.png","rosaline.png",2024
"https://shastryassociates.com/wp-content/uploads/2024/04/sweatha.png","sweatha.png",2024
"https://shastryassociates.com/wp-content/uploads/2024/04/ranjeri.png","ranjeri.png",2024
"https://shastryassociates.com/wp-content/uploads/2024/04/neel.png","neel.png",2024
"https://shastryassociates.com/wp-content/uploads/2024/04/murali.png","murali.png",2024
"https://shastryassociates.com/wp-content/uploads/2024/04/sanjay.png","sanjay.png",2024
"https://shastryassociates.com/wp-content/uploads/2024/05/wirelessdevices_slide.png","wirelessdevices_slide.png",2024
"https://shastryassociates.com/wp-content/uploads/2024/05/Dr-Parimala-Prabhkar-IMG-20240421-WA0000.jpg","Dr-Parimala-Prabhkar-IMG-20240421-WA0000.jpg",2024
"https://shastryassociates.com/wp-content/uploads/2022/07/business6-checkmark.webp","business6-checkmark.webp",2022
"https://shastryassociates.com/wp-content/uploads/2022/07/business6-slider-pic1.webp","business6-slider-pic1.webp",2022
"https://shastryassociates.com/wp-content/uploads/2022/12/Picture2.jpg","Picture2.jpg",2022
"https://shastryassociates.com/wp-content/uploads/2023/01/Picture30.jpg","Picture30.jpg",2023
"https://shastryassociates.com/wp-content/uploads/2023/01/Malay.png","Malay.png",2023
"https://shastryassociates.com/wp-content/uploads/2022/03/language4.svg","language4.svg",2022
"https://shastryassociates.com/wp-content/uploads/2022/03/language4-slider-pic2.webp","language4-slider-pic2.webp",2022
"https://shastryassociates.com/wp-content/uploads/2022/03/language4-slider-pic3.webp","language4-slider-pic3.webp",2022
"https://shastryassociates.com/wp-content/uploads/2022/03/language4-slider-pic4.webp","language4-slider-pic4.webp",2022
"https://shastryassociates.com/wp-content/uploads/2022/03/language4-slider-pic5.webp","language4-slider-pic5.webp",2022
"https://shastryassociates.com/wp-content/uploads/2022/03/language4-slider-pic1.webp","language4-slider-pic1.webp",2022
"https://shastryassociates.com/wp-content/uploads/2022/03/language4-flag4.svg","language4-flag4.svg",2022
"https://shastryassociates.com/wp-content/uploads/2022/03/language4-flag5.svg","language4-flag5.svg",2022
"https://shastryassociates.com/wp-content/uploads/2022/03/language4-flag6.svg","language4-flag6.svg",2022
"https://shastryassociates.com/wp-content/uploads/2022/03/language4-home-pic1.webp","language4-home-pic1.webp",2022
"https://shastryassociates.com/wp-content/uploads/2022/03/language4-home-icon1.svg","language4-home-icon1.svg",2022
"https://shastryassociates.com/wp-content/uploads/2022/03/language4-home-icon2.svg","language4-home-icon2.svg",2022
"https://shastryassociates.com/wp-content/uploads/2022/03/language4-home-icon3.svg","language4-home-icon3.svg",2022
"https://shastryassociates.com/wp-content/uploads/2022/03/language4-home-pic2.webp","language4-home-pic2.webp",2022
"https://shastryassociates.com/wp-content/uploads/2022/03/language4-section-bg2.svg","language4-section-bg2.svg",2022
"https://shastryassociates.com/wp-content/uploads/2022/03/language4-about-pic3.webp","language4-about-pic3.webp",2022
"https://shastryassociates.com/wp-content/uploads/2022/03/language4-about-pic4.webp","language4-about-pic4.webp",2022
"https://shastryassociates.com/wp-content/uploads/2022/03/language4-about-pic5.webp","language4-about-pic5.webp",2022
"https://shastryassociates.com/wp-content/uploads/2022/03/language4-section-bg3.svg","language4-section-bg3.svg",2022
"https://shastryassociates.com/wp-content/uploads/2022/03/language4-home-pic6.webp","language4-home-pic6.webp",2022
"https://shastryassociates.com/wp-content/uploads/2022/03/language4-home-pic3.webp","language4-home-pic3.webp",2022
"https://shastryassociates.com/wp-content/uploads/2022/03/language4-home-pic4.webp","language4-home-pic4.webp",2022
"https://shastryassociates.com/wp-content/uploads/2022/03/language4-home-pic5.webp","language4-home-pic5.webp",2022
"https://shastryassociates.com/wp-content/uploads/2022/03/language4-section-bg1.webp","language4-section-bg1.webp",2022
"https://shastryassociates.com/wp-content/uploads/2022/03/language4-section-bg1-mobile.webp","language4-section-bg1-mobile.webp",2022
"https://shastryassociates.com/wp-content/uploads/2022/04/language4-flag3.svg","language4-flag3.svg",2022
"https://shastryassociates.com/wp-content/uploads/2022/04/language4-courses-pic1.svg","language4-courses-pic1.svg",2022
"https://shastryassociates.com/wp-content/uploads/2022/04/language4-courses-pic2.svg","language4-courses-pic2.svg",2022
"https://shastryassociates.com/wp-content/uploads/2022/04/language4-courses-pic3.svg","language4-courses-pic3.svg",2022
"https://shastryassociates.com/wp-content/uploads/2022/04/language4-courses-pic4.webp","language4-courses-pic4.webp",2022
"https://shastryassociates.com/wp-content/uploads/2022/04/language4-courses-pic5.webp","language4-courses-pic5.webp",2022
"https://shastryassociates.com/wp-content/uploads/2022/04/language4-courses-pic6.webp","language4-courses-pic6.webp",2022
"https://shastryassociates.com/wp-content/uploads/2022/04/language4-wrap-bg1.webp","language4-wrap-bg1.webp",2022
"https://shastryassociates.com/wp-content/uploads/2022/04/language4-section-bg5.webp","language4-section-bg5.webp",2022
"https://shastryassociates.com/wp-content/uploads/2022/04/language4-section-bg5-mobile.webp","language4-section-bg5-mobile.webp",2022
"https://shastryassociates.com/wp-content/uploads/2022/04/language4-section-bg4.svg","language4-section-bg4.svg",2022
"https://shastryassociates.com/wp-content/uploads/2022/04/language4-about-pic1.webp","language4-about-pic1.webp",2022
"https://shastryassociates.com/wp-content/uploads/2022/04/language4-about-pic2.webp","language4-about-pic2.webp",2022
"https://shastryassociates.com/wp-content/uploads/2022/07/business6-slider-icon.webp","business6-slider-icon.webp",2022
"https://shastryassociates.com/wp-content/uploads/2022/07/business6-wrap-bg2.webp","business6-wrap-bg2.webp",2022
"https://shastryassociates.com/wp-content/uploads/2022/07/business6-section-bg1.webp","business6-section-bg1.webp",2022
"https://shastryassociates.com/wp-content/uploads/2022/07/business6-loginicon.webp","business6-loginicon.webp",2022
"https://shastryassociates.com/wp-content/uploads/2022/04/language4-teachers-pic1.webp","language4-teachers-pic1.webp",2022
"https://shastryassociates.com/wp-content/uploads/2022/04/language4-teachers-pic2.webp","language4-teachers-pic2.webp",2022
"https://shastryassociates.com/wp-content/uploads/2022/04/language4-teachers-pic3.webp","language4-teachers-pic3.webp",2022
"https://shastryassociates.com/wp-content/uploads/2022/04/language4-teachers-pic4.webp","language4-teachers-pic4.webp",2022
"https://shastryassociates.com/wp-content/uploads/2022/04/language4-section-bg6.svg","language4-section-bg6.svg",2022
"https://shastryassociates.com/wp-content/uploads/2022/04/language4-section-bg7.webp","language4-section-bg7.webp",2022
"https://shastryassociates.com/wp-content/uploads/2022/04/language4-mapmarker.svg","language4-mapmarker.svg",2022
"https://shastryassociates.com/wp-content/uploads/2022/07/business6-wrap-bg3.webp","business6-wrap-bg3.webp",2022
"https://shastryassociates.com/wp-content/uploads/2022/07/business6.svg","business6.svg",2022
"https://shastryassociates.com/wp-content/uploads/2022/07/business6-section-bg2.webp","business6-section-bg2.webp",2022
"https://shastryassociates.com/wp-content/uploads/2022/07/business6-section-bg3.webp","business6-section-bg3.webp",2022
"https://shastryassociates.com/wp-content/uploads/2022/07/business6-blog1.webp","business6-blog1.webp",2022
"https://shastryassociates.com/wp-content/uploads/2022/07/business6-blog2.webp","business6-blog2.webp",2022
"https://shastryassociates.com/wp-content/uploads/2022/07/business6-blog3.webp","business6-blog3.webp",2022
"https://shastryassociates.com/wp-content/uploads/2022/07/business6-blog4.webp","business6-blog4.webp",2022
"https://shastryassociates.com/wp-content/uploads/2022/07/business6-blog5.webp","business6-blog5.webp",2022
"https://shastryassociates.com/wp-content/uploads/2022/07/business6-blog6.webp","business6-blog6.webp",2022
"https://shastryassociates.com/wp-content/uploads/2022/07/business6-blog7.webp","business6-blog7.webp",2022
"https://shastryassociates.com/wp-content/uploads/2022/07/business6-blog8.webp","business6-blog8.webp",2022
"https://shastryassociates.com/wp-content/uploads/2022/07/business6-about-pic2.webp","business6-about-pic2.webp",2022
"https://shastryassociates.com/wp-content/uploads/2022/07/business6-about-pic3.webp","business6-about-pic3.webp",2022
"https://shastryassociates.com/wp-content/uploads/2022/07/business6-blog9.webp","business6-blog9.webp",2022
"https://shastryassociates.com/wp-content/uploads/2022/07/business6-blog10.webp","business6-blog10.webp",2022
"https://shastryassociates.com/wp-content/uploads/2022/07/business6-blog11.webp","business6-blog11.webp",2022
"https://shastryassociates.com/wp-content/uploads/2022/07/business6-about-pic1.webp","business6-about-pic1.webp",2022
"https://shastryassociates.com/wp-content/uploads/2022/07/business6-about-pic4.webp","business6-about-pic4.webp",2022
"https://shastryassociates.com/wp-content/uploads/2022/07/business6-quote.webp","business6-quote.webp",2022
"https://shastryassociates.com/wp-content/uploads/2022/07/business6-section-bg4.webp","business6-section-bg4.webp",2022
"https://shastryassociates.com/wp-content/uploads/2022/09/your-logo-e1662717802175.png","your-logo-e1662717802175.png",2022
"https://shastryassociates.com/wp-content/uploads/2022/07/business6-contact-pic2.webp","business6-contact-pic2.webp",2022
"https://shastryassociates.com/wp-content/uploads/2022/07/business6-contact-pic3.webp","business6-contact-pic3.webp",2022
"https://shastryassociates.com/wp-content/uploads/2022/07/business6-post-pic1.webp","business6-post-pic1.webp",2022
"https://shastryassociates.com/wp-content/uploads/2022/07/business6-slider-pic2.webp","business6-slider-pic2.webp",2022
"https://shastryassociates.com/wp-content/uploads/2022/07/business6-slider-pic3.webp","business6-slider-pic3.webp",2022
"https://shastryassociates.com/wp-content/uploads/2022/07/business6-contact-pic1.webp","business6-contact-pic1.webp",2022
"https://shastryassociates.com/wp-content/uploads/2022/12/favicon-1-1.png","favicon-1-1.png",2022
"https://shastryassociates.com/wp-content/uploads/2022/12/logo.jpg","logo.jpg",2022
"https://shastryassociates.com/wp-content/uploads/2022/12/SAGE_Websitebanner_Design-1-e1672292984834.png","SAGE_Websitebanner_Design-1-e1672292984834.png",2022
"https://shastryassociates.com/wp-content/uploads/2022/12/SAGE_Websitebanner_Design-1-1.png","SAGE_Websitebanner_Design-1-1.png",2022
"https://shastryassociates.com/wp-content/uploads/2022/12/SAGE_Websitebanner_Design-1-2.png","SAGE_Websitebanner_Design-1-2.png",2022
"https://shastryassociates.com/wp-content/uploads/2022/12/WhatsApp-Image-2022-12-29-at-10.58.48-AM.jpeg","WhatsApp-Image-2022-12-29-at-10.58.48-AM.jpeg",2022
"https://shastryassociates.com/wp-content/uploads/2022/12/WhatsApp-Image-2022-12-29-at-4.54.36-AM.jpeg","WhatsApp-Image-2022-12-29-at-4.54.36-AM.jpeg",2022
"https://shastryassociates.com/wp-content/uploads/2022/12/sage.png","sage.png",2022
"https://shastryassociates.com/wp-content/uploads/2022/12/Picture1.jpg","Picture1.jpg",2022
"https://shastryassociates.com/wp-content/uploads/2022/12/Picture1.png","Picture1.png",2022
"https://shastryassociates.com/wp-content/uploads/2022/12/Picture2.png","Picture2.png",2022
"https://shastryassociates.com/wp-content/uploads/2022/12/Picture3.png","Picture3.png",2022
"https://shastryassociates.com/wp-content/uploads/2022/12/Picture4.jpg","Picture4.jpg",2022
"https://shastryassociates.com/wp-content/uploads/2022/12/Picture5.jpg","Picture5.jpg",2022
"https://shastryassociates.com/wp-content/uploads/2022/12/Picture6.jpg","Picture6.jpg",2022
"https://shastryassociates.com/wp-content/uploads/2022/12/Picture7.jpg","Picture7.jpg",2022
"https://shastryassociates.com/wp-content/uploads/2022/12/Picture8.jpg","Picture8.jpg",2022
"https://shastryassociates.com/wp-content/uploads/2022/12/Picture9.jpg","Picture9.jpg",2022
"https://shastryassociates.com/wp-content/uploads/2022/12/Picture10.png","Picture10.png",2022
"https://shastryassociates.com/wp-content/uploads/2022/12/Picture11.jpg","Picture11.jpg",2022
"https://shastryassociates.com/wp-content/uploads/2022/12/Picture12.png","Picture12.png",2022
"https://shastryassociates.com/wp-content/uploads/2022/12/Picture13.jpg","Picture13.jpg",2022
"https://shastryassociates.com/wp-content/uploads/2023/01/Picture119.png","Picture119.png",2023
"https://shastryassociates.com/wp-content/uploads/2023/01/justwow_wireless_smartcity_network_with_walking_humans_4k_hd_486847de-4897-4eb5-a54d-a19bbadd8b2e.png","justwow_wireless_smartcity_network_with_walking_humans_4k_hd_486847de-4897-4eb5-a54d-a19bbadd8b2e.png",2023
"https://shastryassociates.com/wp-content/uploads/2023/01/justwow_wifi_connected_smart_city_with_walking_people_on_street_89367c12-2b0f-46a4-acad-60c79cea6f7c.png","justwow_wifi_connected_smart_city_with_walking_people_on_street_89367c12-2b0f-46a4-acad-60c79cea6f7c.png",2023
"https://shastryassociates.com/wp-content/uploads/2024/02/sage.png","sage.png",2024
"https://shastryassociates.com/wp-content/uploads/2025/09/SCARLET-Edited.png","SCARLET-Edited.png",2025
"https://shastryassociates.com/wp-content/uploads/2025/09/KORI-edited.jpg","KORI-edited.jpg",2025
"https://shastryassociates.com/wp-content/uploads/2025/09/APARNA-Edited.png","APARNA-Edited.png",2025
"https://shastryassociates.com/wp-content/uploads/2025/09/APARNA-Edited-1.png","APARNA-Edited-1.png",2025
"https://shastryassociates.com/wp-content/uploads/2025/09/FINAL_POSTER.jpg","FINAL_POSTER.jpg",2025
"https://shastryassociates.com/wp-content/uploads/2025/09/Hexagonal-Thinking-Graphic-Organizer-Worksheet-in-Black-and-White-Schematic-Style.png","Hexagonal-Thinking-Graphic-Organizer-Worksheet-in-Black-and-White-Schematic-Style.png",2025
"https://shastryassociates.com/wp-content/uploads/2025/09/Hexagonal-Thinking-Graphic-Organizer-Worksheet-in-Black-and-White-Schematic-Style-1.png","Hexagonal-Thinking-Graphic-Organizer-Worksheet-in-Black-and-White-Schematic-Style-1.png",2025
"https://shastryassociates.com/wp-content/uploads/2025/10/SMD_IMG_20230515_132650471_cropped3-scaled-e1761048075127.jpg","SMD_IMG_20230515_132650471_cropped3-scaled-e1761048075127.jpg",2025
"https://shastryassociates.com/wp-content/uploads/2025/11/Dr.-Paul-Draxler-e1762591758894.jpg","Dr.-Paul-Draxler-e1762591758894.jpg",2025
"https://shastryassociates.com/wp-content/uploads/2025/11/Deb.jpeg","Deb.jpeg",2025
"https://shastryassociates.com/wp-content/uploads/2025/11/Surendra-Pal.jpg","Surendra-Pal.jpg",2025
"https://shastryassociates.com/wp-content/uploads/2025/11/K-D-NAYAK-e1762592805272.jpg","K-D-NAYAK-e1762592805272.jpg",2025
"https://shastryassociates.com/wp-content/uploads/2025/10/Gemini_Generated_Image_kbhft5kbhft5kbhf.png","Gemini_Generated_Image_kbhft5kbhft5kbhf.png",2025
"https://shastryassociates.com/wp-content/uploads/2025/11/paul.jpg","paul.jpg",2025
"https://shastryassociates.com/wp-content/uploads/2025/11/nayak.jpg","nayak.jpg",2025
"https://shastryassociates.com/wp-content/uploads/2025/11/DEB-1.jpg","DEB-1.jpg",2025
"https://shastryassociates.com/wp-content/uploads/2025/12/sage-ina-scaled.png","sage-ina-scaled.png",2025
"https://shastryassociates.com/wp-content/uploads/2025/12/sage-sym-scaled.png","sage-sym-scaled.png",2025
"https://shastryassociates.com/wp-content/uploads/2025/12/SRI_1989.jpg","SRI_1989.jpg",2025
"https://shastryassociates.com/wp-content/uploads/2025/12/SRI_1964.jpg","SRI_1964.jpg",2025
"https://shastryassociates.com/wp-content/uploads/2025/12/20241221-IMG_9527.jpg","20241221-IMG_9527.jpg",2025
"https://shastryassociates.com/wp-content/uploads/2025/12/20241221-IMG_9547.jpg","20241221-IMG_9547.jpg",2025
"https://shastryassociates.com/wp-content/uploads/2025/12/20241221-IMG_9575.jpg","20241221-IMG_9575.jpg",2025
"https://shastryassociates.com/wp-content/uploads/2025/12/20241221-IMG_9506.jpg","20241221-IMG_9506.jpg",2025
"https://shastryassociates.com/wp-content/uploads/2025/12/20241221-IMG_9524.jpg","20241221-IMG_9524.jpg",2025
"https://shastryassociates.com/wp-content/uploads/2025/12/SRI_2085.jpg","SRI_2085.jpg",2025
"https://shastryassociates.com/wp-content/uploads/2025/12/SRI_2075.jpg","SRI_2075.jpg",2025
"https://shastryassociates.com/wp-content/uploads/2025/12/SRI_1945.jpg","SRI_1945.jpg",2025
"https://shastryassociates.com/wp-content/uploads/2025/12/SRI_1948.jpg","SRI_1948.jpg",2025
"https://shastryassociates.com/wp-content/uploads/2025/12/DSC0037-scaled.jpg","DSC0037-scaled.jpg",2025
"https://shastryassociates.com/wp-content/uploads/2025/12/Executive-grp-pic.jpeg","Executive-grp-pic.jpeg",2025
"https://shastryassociates.com/wp-content/uploads/2025/12/DSC0037-1-scaled.jpg","DSC0037-1-scaled.jpg",2025
"https://shastryassociates.com/wp-content/uploads/2025/12/Executive-grp-pic-1.jpeg","Executive-grp-pic-1.jpeg",2025
"https://shastryassociates.com/wp-content/uploads/2025/12/Group-Pic-scaled.jpg","Group-Pic-scaled.jpg",2025
"https://shastryassociates.com/wp-content/uploads/2025/12/grp-pic.jpeg","grp-pic.jpeg",2025
"https://shastryassociates.com/wp-content/uploads/2025/12/K-D-Nayak-Speech-scaled.jpg","K-D-Nayak-Speech-scaled.jpg",2025
"https://shastryassociates.com/wp-content/uploads/2025/12/Neha-host-scaled.jpg","Neha-host-scaled.jpg",2025
"https://shastryassociates.com/wp-content/uploads/2025/12/p3.jpeg","p3.jpeg",2025
"https://shastryassociates.com/wp-content/uploads/2025/12/Participants-1-scaled.jpg","Participants-1-scaled.jpg",2025
"https://shastryassociates.com/wp-content/uploads/2025/12/Participants-2-scaled.jpg","Participants-2-scaled.jpg",2025
"https://shastryassociates.com/wp-content/uploads/2025/12/S-Raghavan-Pic-scaled.jpg","S-Raghavan-Pic-scaled.jpg",2025
"https://shastryassociates.com/wp-content/uploads/2025/12/seminar.jpeg","seminar.jpeg",2025
"https://shastryassociates.com/wp-content/uploads/2025/12/Speaker-pics-scaled.jpg","Speaker-pics-scaled.jpg",2025
"https://shastryassociates.com/wp-content/uploads/2025/12/IMG20250704185347-scaled.jpg","IMG20250704185347-scaled.jpg",2025
"https://shastryassociates.com/wp-content/uploads/2025/12/IMG20250704210409-scaled.jpg","IMG20250704210409-scaled.jpg",2025
"https://shastryassociates.com/wp-content/uploads/2025/12/IMG20250704210440-scaled.jpg","IMG20250704210440-scaled.jpg",2025
"https://shastryassociates.com/wp-content/uploads/2025/12/IMG20250704210514-scaled.jpg","IMG20250704210514-scaled.jpg",2025
"https://shastryassociates.com/wp-content/uploads/2025/12/IMG20250704212834-scaled.jpg","IMG20250704212834-scaled.jpg",2025
"https://shastryassociates.com/wp-content/uploads/2025/12/IMG20250704212908-scaled.jpg","IMG20250704212908-scaled.jpg",2025
"https://shastryassociates.com/wp-content/uploads/2025/12/IMG_20250803_123502093_HDR-scaled.jpg","IMG_20250803_123502093_HDR-scaled.jpg",2025
"https://shastryassociates.com/wp-content/uploads/2025/12/IMG20250803145318-scaled.jpg","IMG20250803145318-scaled.jpg",2025
"https://shastryassociates.com/wp-content/uploads/2025/12/IMG20250803150142-scaled.jpg","IMG20250803150142-scaled.jpg",2025
"https://shastryassociates.com/wp-content/uploads/2025/12/IMG20250803150729-scaled.jpg","IMG20250803150729-scaled.jpg",2025
"https://shastryassociates.com/wp-content/uploads/2025/12/IMG20250803150742-scaled.jpg","IMG20250803150742-scaled.jpg",2025
"https://shastryassociates.com/wp-content/uploads/2025/12/IMG20250803150758-scaled.jpg","IMG20250803150758-scaled.jpg",2025
"https://shastryassociates.com/wp-content/uploads/2025/12/Table-grp-pic-scaled.jpg","Table-grp-pic-scaled.jpg",2025
"https://shastryassociates.com/wp-content/uploads/2025/12/20250802_135756-scaled.jpg","20250802_135756-scaled.jpg",2025
"https://shastryassociates.com/wp-content/uploads/2025/12/grp-pic-scaled.jpg","grp-pic-scaled.jpg",2025
"https://shastryassociates.com/wp-content/uploads/2025/12/IMG-20250802-WA0006.jpg","IMG-20250802-WA0006.jpg",2025
"https://shastryassociates.com/wp-content/uploads/2025/12/IMG20250801184313-scaled.jpg","IMG20250801184313-scaled.jpg",2025
"https://shastryassociates.com/wp-content/uploads/2026/02/Main-grp-scaled.jpg","Main-grp-scaled.jpg",2026
"https://shastryassociates.com/wp-content/uploads/2026/02/executive-pic.jpg","executive-pic.jpg",2026
"https://shastryassociates.com/wp-content/uploads/2026/02/grp-pic-2-scaled.jpg","grp-pic-2-scaled.jpg",2026
"https://shastryassociates.com/wp-content/uploads/2026/02/Lec-hall-pic-2.jpg","Lec-hall-pic-2.jpg",2026
"https://shastryassociates.com/wp-content/uploads/2026/02/lec-hall-pic.jpg","lec-hall-pic.jpg",2026
"https://shastryassociates.com/wp-content/uploads/2026/02/person-explanation.jpg","person-explanation.jpg",2026
"https://shastryassociates.com/wp-content/uploads/2026/02/SAGE-rep.jpg","SAGE-rep.jpg",2026
"https://shastryassociates.com/wp-content/uploads/2026/02/students-workshop.jpg","students-workshop.jpg",2026
"https://shastryassociates.com/wp-content/uploads/2026/02/spokesperson-pic-scaled.jpg","spokesperson-pic-scaled.jpg",2026
"https://shastryassociates.com/wp-content/uploads/2026/02/Voulnteer-pic-scaled.jpg","Voulnteer-pic-scaled.jpg",2026
"https://shastryassociates.com/wp-content/uploads/2026/02/DSC05739-scaled.jpg","DSC05739-scaled.jpg",2026
"https://shastryassociates.com/wp-content/uploads/2026/02/DSC05741-scaled.jpg","DSC05741-scaled.jpg",2026
"https://shastryassociates.com/wp-content/uploads/2026/02/DSC05744-scaled.jpg","DSC05744-scaled.jpg",2026
"https://shastryassociates.com/wp-content/uploads/2026/02/DSC05760-scaled.jpg","DSC05760-scaled.jpg",2026
"https://shastryassociates.com/wp-content/uploads/2026/02/DSC05807-scaled.jpg","DSC05807-scaled.jpg",2026
"https://shastryassociates.com/wp-content/uploads/2026/02/DSC05815-scaled.jpg","DSC05815-scaled.jpg",2026
"https://shastryassociates.com/wp-content/uploads/2026/02/DSC05847-scaled.jpg","DSC05847-scaled.jpg",2026
"https://shastryassociates.com/wp-content/uploads/2026/02/DSC05910-scaled.jpg","DSC05910-scaled.jpg",2026
"https://shastryassociates.com/wp-content/uploads/2026/02/DSC05956-scaled.jpg","DSC05956-scaled.jpg",2026
"https://shastryassociates.com/wp-content/uploads/2026/02/DSC06043-scaled.jpg","DSC06043-scaled.jpg",2026
"https://shastryassociates.com/wp-content/uploads/2026/02/DSC06199-scaled.jpg","DSC06199-scaled.jpg",2026
"https://shastryassociates.com/wp-content/uploads/2026/02/DSC06210-scaled.jpg","DSC06210-scaled.jpg",2026
"https://shastryassociates.com/wp-content/uploads/2026/02/DSC06267-scaled.jpg","DSC06267-scaled.jpg",2026
"https://shastryassociates.com/wp-content/uploads/2026/02/DSC06287-scaled.jpg","DSC06287-scaled.jpg",2026
"https://shastryassociates.com/wp-content/uploads/2026/02/DSC06310-scaled.jpg","DSC06310-scaled.jpg",2026
"https://shastryassociates.com/wp-content/uploads/2026/02/DSC06327-scaled.jpg","DSC06327-scaled.jpg",2026
"https://shastryassociates.com/wp-content/uploads/2026/02/DSC06335-scaled.jpg","DSC06335-scaled.jpg",2026
"https://shastryassociates.com/wp-content/uploads/2026/02/DSC06342-scaled.jpg","DSC06342-scaled.jpg",2026
"https://shastryassociates.com/wp-content/uploads/2026/02/DSC06377-scaled.jpg","DSC06377-scaled.jpg",2026
"https://shastryassociates.com/wp-content/uploads/2026/02/executive-grp-pic-scaled.jpg","executive-grp-pic-scaled.jpg",2026
"https://shastryassociates.com/wp-content/uploads/2026/02/Final-gr-pic-scaled.jpg","Final-gr-pic-scaled.jpg",2026
"https://shastryassociates.com/wp-content/uploads/2026/02/DSC08184-scaled.jpg","DSC08184-scaled.jpg",2026
"https://shastryassociates.com/wp-content/uploads/2026/02/DSC08185-scaled.jpg","DSC08185-scaled.jpg",2026
"https://shastryassociates.com/wp-content/uploads/2026/02/DSC08190-scaled.jpg","DSC08190-scaled.jpg",2026
"https://shastryassociates.com/wp-content/uploads/2026/02/DSC08193-scaled.jpg","DSC08193-scaled.jpg",2026
"https://shastryassociates.com/wp-content/uploads/2026/02/DSC08198-scaled.jpg","DSC08198-scaled.jpg",2026
"https://shastryassociates.com/wp-content/uploads/2026/02/DSC08232-scaled.jpg","DSC08232-scaled.jpg",2026
"https://shastryassociates.com/wp-content/uploads/2026/02/DSC08283-scaled.jpg","DSC08283-scaled.jpg",2026
"https://shastryassociates.com/wp-content/uploads/2026/02/DSC08350-scaled.jpg","DSC08350-scaled.jpg",2026
"https://shastryassociates.com/wp-content/uploads/2026/02/Grp-pic-scaled.jpg","Grp-pic-scaled.jpg",2026
"https://shastryassociates.com/wp-content/uploads/2026/02/shastry-sir-pic-scaled.jpg","shastry-sir-pic-scaled.jpg",2026